{"main":"american-flight-api-revision.raml","name":"American Flight API revision","organizationId":"a0faa5f2-6edb-4192-910f-016850006468","groupId":"a0faa5f2-6edb-4192-910f-016850006468","assetId":"american-flight-api-revision","version":"1.0.2","metadata":{"branchId":"master","commitId":"8241d34f9bc6bf998d6a66b0a2f765072405a7da","projectId":"ff80a5af-5893-448f-8a86-77ab56778587"},"apiVersion":"v1","classifier":"raml","dependencies":[{"assetId":"training-american-flight-data-type","groupId":"68ef9520-24e9-4cf2-b2f5-620025690913","version":"1.0.1"},{"assetId":"training-american-flights-example","groupId":"68ef9520-24e9-4cf2-b2f5-620025690913","version":"1.0.1"}],"tags":[],"originalFormatVersion":"1.0"}